referencia,nombre,marca,precio
HLP356975W,pastillas de freno delanteras,bolk,13.9
RIT033696Q,pastillas de freno delanteras,valeo,30.5
EUJ222708A,pastillas de freno delanteras,trw,39.91
VJB697915A,pastillas de freno delanteras,triscan,74.9
RDX132117J,discos de freno delanteros,brembo,102.9
TUP782394K,discos de freno delanteros,pagid,333.8
FCS134688L,aceite 5W30 1L,castrol,17.5
UDC486202S,aceite 10W40 1L,bolk,4.6
BKX033395P,aceite 5W30 1L,bolk,6.5
NFG964288F,aceite 5W30 1L,helix,13.9
JYV593020Y,kit embrague,blue print,203.9
WXS558295C,kit embrague,sachs,269.9
ZQC366941M,filtro de aceite,bolk,3.9
JHO254912B,filtro de aceite,purflux,13.5
RTS260429L,filtro de aceite,quinton hazell,5.9
LSS612653H,filtro de aceite,wix filters,12.5
VDB678003X,motor de arranque,hella,133.9
PRO-04220002,bateria 70ah 760a,bolk,112.91
BOL-M040002,bateria 74ah 680a,bolk,63.9
QFA0923,filtro de aire,quinton hazell,11.5
V10-2671,filtro de aire,vaico,14.9
F 026 400 178 / S 0178,filtro de aire,bosch,16.5
108939,filtro de aire,k&n filters,82.9
1020972,neumatico,hankook,97.9
102091,neumatico,falken,98.91
771116,neumatico,michelin,127.9
7711279,neumatico,bridgestone,148.9
1EL 009 648-401,faro delantero led,hella,434.9
901029,faro delantero led,spilu,334.9
0334962H,faro delantero led,van wezel,446.9
44582,faro delantero led,valeo,261.9